Book,Author,ISBN
The House of Twenty Thousand Books,Sasha Abramsky,978-1590178881
Hindoo Holiday,J.R. Ackerley,978-0940322257
My Dog Tulip,J.R. Ackerley,978-1590174142
My Father and Myself,J.R. Ackerley,978-0940322127
We Think the World of You,J.R. Ackerley,978-1590173954
The Jeffersonian Transformation,Henry Adams,978-1590172155
After the Tall Timber,Renata Adler,978-1590178799
Pitch Dark,Renata Adler,978-1590176146
Speedboat,Renata Adler,978-1590176139
Prometheus Bound,Aeschylus,978-1590178607
Compulsory Games,Robert Aickman,978-1681371894
Yellow Negroes and Other Imaginary Creatures,Yvan Alagbé,978-1681371764
His Only Son,Leopoldo Alas,978-1681370187
Monsieur Proust,Celeste Albaret,978-1590170595
"Charles Bovary, Country Doctor",Jean Amery,978-1681372501
Collected Poems,Kingsley Amis,978-1590178669
Dear Illusion,Kingsley Amis,978-1590178249
Ending Up,Kingsley Amis,978-1590177594
"Girl, 20",Kingsley Amis,978-1590176634
Lucky Jim,Kingsley Amis,978-1590175750
One Fat Englishman,Kingsley Amis,978-1590176627
Take a Girl Like You,Kingsley Amis,978-1590177600
The Alteration,Kingsley Amis,978-1590176177
The Green Man,Kingsley Amis,978-1590176160
The Old Devils,Kingsley Amis,978-1590175767
Samskara,U.R. Ananthamurthy,978-1590179123
The Fierce and Beautiful World,Andrey Platonov,978-0940322332
Omer Pasha Latas,Ivo Andric,978-1681372525
Historiae,Antonella; Stewart Susan; Ceccagnoli Patrizio Anedda,978-1681376967
"Ariane, A Russian Girl",Claude; Abidor Mitchell Anet,978-1681377100
Zone,Guillaume Apollinaire,978-1590179246
Rahel Varnhagen,Hannah Arendt,978-1681375892
The Seven Madmen,Roberto Arlt,978-1590179147
Don't Look At Me Like That,Diana Athill,978-1681376110
Instead of a Letter,Diana Athill,978-1681376134
Blood on the Forge,William Attaway,978-1590171349
W.H. Auden's Book of Light Verse,W.H. Auden,978-1590170892
Dante,Erich Auerbach,978-1590172193
Captains of the City Streets,Esther Holden Averill,978-1590171745
Jenny and the Cat Club,Esther Holden Averill,978-1590170472
Jenny Goes To Sea,Esther Holden Averill,978-1590171554
Jenny's Birthday Book,Esther Holden Averill,978-1590171547
Jenny's Moonlight Adventure,Esther Holden Averill,978-1590171608
The Hotel Cat,Esther Holden Averill,978-1590171592
The School For Cats,Esther Holden Averill,978-1590171738
The Little Grey Men,B B,978-1681373751
Eve's Hollywood,Eve Babitz,978-1590178904
"Slow Days, Fast Company",Eve Babitz,978-1681370088
I Used to Be Charming,Eve; Lambert Molly Babitz,978-1681373799
Bright Unbearable Reality,Anna Badkhen,978-1681377063
Cassandra at the Wedding,Dorothy Baker,978-1590176016
Young Man with a Horn,Dorothy Baker,978-1590175774
The Peregrine,J.A. Baker,978-1590171332
Fighting for Life,S. Josephine Baker,978-1590177068
The Human Comedy,Honore de Balzac,978-1590176641
The Memoirs of Two Young Wives,Honore de Balzac,978-1681371252
The Unknown Masterpiece,Honore de Balzac,978-0940322745
The Lily in the Valley,Honoré de; Bush Peter R. Balzac,978-1681377988
Living Pictures,Polina; Ciepiela Catherine Barskova,978-1681376592
Flowers of Evil,Charles; Baudelaire Charles; Baudelaire Charles; Dillon George; Millay Edna St Vincent Baudelaire,978-1681378282
Piero,Edmond; Madden Matt Baudoin,978-1681372969
Grand Hotel,Vicki Baum,978-1590179673
Almost Completely Baxter,Glen Baxter,978-1590179857
A Favourite of the Gods and A Compass Error,Sybille Bedford,978-1681370569
A Legacy,Sybille Bedford,978-1590178263
A Very Old Man,Sybille Bedford,978-1681375939
A Visit to Don Otavio,Sybille Bedford,978-1590179697
Jigsaw,Sybille Bedford,978-1681371917
Seven Men,Max Beerbohm,978-0940322547
The Prince of Minor Writers,Max Beerbohm,978-1590178287
Fantastic Toys,Monika Beisner,978-1681373119
The Limit,Rosalind; Griffiths Paul Belben,978-1681377520
The Struggle for Iran,Christopher de Bellaigue,978-1590172384
Wish Her Safe At Home,Stephen Benatar,978-1590173350
The Long Ships,Frans G. Bengtsson,978-1590173466
The Storyteller Essays,Walter; Lewis Tess; Titan Samuel; Benjamin Walter Benjamin,978-1681370583
Prison Memoirs of an Anarchist,Alexander Berkman,978-0940322349
Mouchette,Georges Bernanos,978-1590171516
Agony,Mark; Whitehead Colson Beyer,978-1590179819
A Memoir of the Warsaw Uprising,Miron Bialoszewski,978-1590176658
Asleep in the Sun,Adolfo Bioy Casares,978-1590170953
The Invention of Morel,Adolfo Bioy Casares,978-1590170571
"Sheppard Lee, Written by Himself",Robert Montgomery Bird,978-1590172292
Corrigan,Caroline Blackwood,978-1590170069
Great Granny Webster,Caroline Blackwood,978-1590170076
Meet Monster,Ellen; Cook Ann; Blake Quentin Blance,978-1681374284
Peplum,Edward; Johnson Jess Blutch; Gauvin,978-1590179833
Mitchum,Matt; Sudarsky Dean Blutch; Madden,978-1681374444
Akenfield: Portrait of an English Village,Ronald Blythe,978-1590178300
Haifa Republic: A Democratic Future for Israel,Omri Boehm,978-1681373935
Berlin-Hamlet,Szilárd; Mulzet Ottilie Borbély,978-1681370545
In a Bucolic Land,Szilárd; Mulzet Ottilie Borbély,978-1681375915
Malicroix,Henri; Zonana Joyce Bosco,978-1681374109
The Child and the River,Henri; Zonana Joyce Bosco,978-1681377421
The Way of the World,Nicolas Bouvier,978-1590173220
Henri Duchemin and His Shadows,Emmanuel Bove,978-1590178324
My Friends,Emmanuel; Louth Janet Bove,978-1681373133
Loved and Missed,Susie Boyt,978-1681377810
On the Yard,Malcolm Braly,978-0940322967
Journey into the Mind's Eye,Lesley Branch,978-1681371931
The Outward Room,Millen Brand,978-1590173596
"I Wish I Was Sick, Too!",Franz; Aliki Brandenberg,978-1681372280
Notes on the Cinematograph,Robert Bresson,978-1681370248
Bresson on Bresson,Robert; Moschovakis Anna Bresson,978-1681370446
The Magnetic Fields,André; Soupault Philippe; Mandell Charlotte Breton,978-1681374604
Balzac's Lives,Peter Brooks,978-1681374499
Seduced by Story,Peter Brooks,978-1681376639
Let's Go Swimming with Mr. Sillypants,M. K. Brown,978-1681377452
Beyond the Pawpaw Trees,Palmer Brown,978-1590174616
Charlotte Sometimes,Palmer Brown,978-1681371047
Something for Christmas,Palmer Brown,978-1590174623
The Silver Nutmeg,Palmer Brown,978-1590175002
Religio Medici and Urne-Buriall,Sir Thomas Browne,978-1590174883
Live; live; live,Jonathan Buckley,978-1681375472
The Great Concert of the Night,Jonathan Buckley,978-1681373959
Moderan,David R. Bunch,978-1681372549
Bel Ria,Sheila Burnford,978-1681374475
The Gallery,John Horne Burns,978-1590170809
The Anatomy of Melancholy,Robert Burton,978-0940322660
The Wages of Guilt,Ian Buruma,978-1590178584
Theater of Cruelty,Ian Buruma,978-1590177778
Nancy and Sluggo's Guide to Life,Ernie; Kitchen Denis Bushmiller,978-1681378367
Poem Strip,Dino Buzzati,978-1590173237
The Singularity,Dino; Appel Anne Milano Buzzati,978-1681378008
A Love Affair,Dino; Green Joseph Buzzati,978-1681377124
The Stronghold,Dino; Venuti Lawrence Buzzati,978-1681377148
Distant Ruptures,Sammy; Winslow-Yost Gabriel C. F; Harkham,978-1681378695
Free Day,Inès; Schillinger Liesl Cagnati,978-1681373584
Blast Off,Linda C.; Rosenbaum Susan; Dillon Diane; Dillon Leo Cain,978-1681375687
The Life and Opinions of Zacharias Lichter,Matei Calinescu,978-1681371955
The Unforgivable,Cristina; Andriesse Alex Campo,978-1681378022
The Book of My Life,Girolamo Cardano,978-1590170168
The Tiger in the House,Carl Van Vechten,978-1590172230
Hard Rain Falling,Don Carpenter,978-1590173244
A Month in the Country,J.L. Carr,978-0940322479
Down Below,Leonora Carrington,978-1681370606
The Milk of Dreams,Leonora Carrington,978-1681370941
The Hearing Trumpet,Leonora; Tokarczuk Olga; Weisz Carrington Pablo Carrington,978-1681374642
Alice’s Adventures in Wonderland,Lewis; Jansson Tove Carroll,978-1681378459
The Hive,Camilo José; Womack James William Cela,978-1681376158
Moravagine,Blaise Cendrars,978-1590170632
Little Reunions,Eileen Chang,978-1681371276
Love in a Fallen City,Eileen Chang,978-1590171783
Naked Earth,Eileen Chang,978-1590178348
Dime-Store Alchemy,Charles Simic,978-1590174869
Arm in Arm,Remy Charlip,978-1681373737
Thirteen,Remy; Joyner Jerry Charlip,978-1681372303
During the Reign of the Queen of Persia,Joan Chase,978-1590177150
Loretta Mason Potts,Mary; Berson Harold Chase,978-1590177570
"English, August",Upamanyu Chatterjee,978-1590171790
The Autobiography of an Unknown Indian,Nirad C. Chaudhari,978-0940322820
Finding the Raga,Amit Chaudhuri,978-1681374789
Friend of My Youth,Amit Chaudhuri,978-1681373386
Sojourn,Amit Chaudhuri,978-1681377087
Sweet Shop: New and Selected Poems,Amit Chaudhuri,978-1681377001
Freedom Song,Amit; Doniger Wendy Chaudhuri,978-1681378060
A Strange and Sublime Address,Amit; Tóibín Colm Chaudhuri,978-1681378084
Afternoon Raag,Amit; Wood James Chaudhuri,978-1681378046
Black Wings Has My Angel,Elliott Chaze,978-1590179161
Peasants and Other Stories,Anton Chekhov,978-0940322141
The Prank,Anton Chekhov,978-1590178362
The Tiger Prince,Jianghong; Waters Ayson Chen,978-1681372945
Fear,Gabriel Chevallier,978-1590177167
The Simple Past,Driss; Shatz Adam; Harter Hugh A. Chraïbi,978-1681373607
A Dictionary of Symbols,Juan Eduardo Cirlot,978-1681371979
The Green Hand and Other Stories,Nicole; Zha Édith; Clowes Daniel; Nicholson-Smith Donald Claveloux,978-1681376684
Paris Vagabond,Jean-Paul Clebert,978-1590179574
Generations,Lucille Clifton,978-1681375878
Paris and Elsewhere,Richard Cobb,978-1590170823
The Netanyahus,Joshua Cohen,978-1681376073
A Chance Meeting,Rachel and Seshadri Vijay Cohen,978-1681378107
Orphic Paris,Henri Cole,978-1681372181
The Pure and the Impure,Colette,978-0940322486
Cheerful,Paul; Thurman Judith; Colette Colette; Eprile,978-1590175019
Chéri and The End of Chéri,Paul; Thurman Judith; Colette Colette; Eprile,978-1681376707
Fancies and Goodnights,John Collier,978-1590170519
Pinocchio,Carlo Collodi,978-1590172896
A House and Its Head,Ivy Compton-Burnett,978-0940322646
Manservant and Maidservant,Ivy Compton-Burnett,978-0940322639
The Continuous Katherine Mortenhoe,D.G. Compton,978-1590179710
Our Spoons Came from Woolworths,Barbara Comyns,978-1590178966
The Juniper Tree,Barbara Comyns,978-1681371313
The Vet's Daughter,Barbara Comyns,978-1590170298
The Exploits and Adventures of Brigadier Gerard,Arthur Conan Doyle,978-0940322738
The Diary of a Rapist,Evan S. Connell,978-1590170946
Proud Beggars,Albert Cossery,978-1590174425
The Jokers,Albert Cossery,978-1590173251
The Age of Conversation,Benedetta Craveri,978-1590172148
The Last Libertines,Benedetta; Kerner Aaron Craveri,978-1681373409
The Crisis of the Negro Intellectual,Harold Cruse,978-1590171356
The Enormous Room,Edward E.; Delbanco Nicholas Cummings,978-1681376196
Inhuman Land,Jozef Czapski,978-1681372563
Lost Time,Jozef Czapski,978-1681372587
Memories of Starobielsk,Józef; Grudzińska-Gross Irena; Valles Alissa Czapski,978-1681374864
D'Aulaires' Book of Animals,Ingri; D'Aulaire Edgar Parin D'Aulaire,978-1590172261
D'Aulaires' Book of Norse Myths,Ingri; D'Aulaire Edgar Parin D'Aulaire,978-1590171257
D'Aulaires' Book of Trolls,Ingri; D'Aulaire Edgar Parin D'Aulaire,978-1590172179
The Terrible Troll-Bird,Ingri; D'Aulaire Edgar Parin D'Aulaire,978-1590172520
Too Big,Ingri; D'Aulaire Edgar Parin D'Aulaire,978-1590172919
The Glory of the Empire,Jean d'Ormesson,978-1590179659
Memoirs of Lorenzo Da Ponte,Lornezo Da Ponte,978-0940322356
The Inferno,Dante,978-1590171141
The New Life,Dante,978-1681370514
Purgatorio,D. M. Dante Alighieri; Black,978-1681376059
Exhausted on the Cross,Naǧwān; Zurita Raúl Darwīš,978-1681375526
Nothing More to Lose,Najwān; Abu-Zeid Kareem James Darwīsh,978-1590177303
A Book of Mediterranean Food,Elizabeth David,978-1590170038
Summer Cooking,Elizabeth David,978-1590170045
A Meaningful Life,L.J. Davis,978-1590173008
"Alfred Ollivant's Bob, Son of Battle",Lydia; Ollivant Alfred; Kirmse Marguerite Davis,978-1590177297
Memoirs from Beyond the Grave: 1768-1800,Francois-Rene de Chateaubriand,978-1681371290
Letters from Russia,Astolphe de Custine,978-0940322813
Pages from the Goncourt Journals,Edmond & Jules de Goncourt,978-1590171905
Afloat,Guy de Maupassant,978-1590172599
Alien Hearts,Guy de Maupassant,978-1590172605
Like Death,Guy de Maupassant,978-1681370323
Dance to the Piper,Agnes De Mille,978-1590179086
Chaos and Night,Henry de Montherlant,978-1590173046
Defeat,Philippe-Paul de Segure,978-1590172827
What Am I Doing Here?,Abner Dean,978-1681370491
Tyrant Banderas,Ramon del Valle-Inclan,978-1590174982
No Tomorrow,Vivant Denon,978-1590173268
The Family Mashber,Der Nister,978-1590172797
The Ten Thousand Things,Maria; Koning Hans Dermoût,978-1590170137
Niki,Tibor Dery,978-1590173183
The Village by the Sea,Anita Desai,978-1681373515
All About H. Hatterr,G.V. Desani,978-1590172421
In Tearing Haste,Deborah Vivien Freeman-Mitford Cavendish; Fermor Patrick Leigh; Mosley Charlotte Devonshire,978-1681371863
Skylark,Dezso Kosztolanyi,978-1590173398
Zama,Antonio di Benedetto,978-1590177174
The Silentiary,Antonio; Allen Esther; Saer Juan José Di Benedetto,978-1681375625
The Professor and the Siren,Giuseppe Tomasi di Lampedusa,978-1590177198
Affinities,Brian Dillon,978-1681377261
Essayism,Brian Dillon,978-1681372822
Suppose a Sentence,Brian Dillon,978-1681375243
The Island of Horses,Eilis Dillon,978-1681373065
The Lost Island,Eilís; Kennedy Richard Dillon,978-1681373553
Berlin Alexanderplatz,Alfred Doblin,978-1681371993
Bright Magic,Alfred Doblin,978-1590179734
The Strudlhof Steps,Heimito von; Kling Vincent; Kehlmann Daniel Doderer,978-1681375274
Our Fort,Marie; Waters Alyson Dorléans,978-1681376585
The Fire Within,Pierre; Howard Richard Drieu La Rochelle,978-1681376219
Don't Look Now,Daphne du Maurier,978-1590172889
A Handbook on Hanging,Charles Duff,978-0940322677
The World As I Found It,Bruce Duffy,978-1590173602
The Dud Avocado,Elaine Dundy,978-1590172322
The Old Man and Me,Elaine Dundy,978-1590173176
Day and Night,Roger Duvoisin,978-1681377940
Donkey-Donkey,Roger Duvoisin,978-1590179642
The House of Four Seasons,Roger Duvoisin,978-1681370989
Dreams of Earth and Sky,Freeman J. Dyson,978-1590178546
The Scientist as Rebel,Freeman J. Dyson,978-1590172940
Proensa,George Economou,978-1681370309
The Wounded Age and Eastern Tales,Ferit; Aji Aron; Edgü Ferit; Edgü Ferit Edgü,978-1681376769
The Book of Ebenezer Le Page,G.B. Edwards,978-1590172339
The Bible and Poetry,Michael; Lewis Stephen E. Edwards,978-1681376370
The Land Breakers,John Ehle,978-1590177631
Gallery of Clouds,Rachel Eisendrath,978-1681375434
People of the City,Cyprian Ekwensi,978-1681374291
A Posthumous Confession,Marcellus Emants,978-1590173473
The Night of Wishes,Michael; Kehn Regina Ende,978-1681371887
Grief Lessons,Euripides,978-1590171806
Jim at the Corner,Eleanor; Ardizzone Edward Farjeon,978-1681371641
The Little Bookroom,Eleanor; Ardizzone Edward Farjeon,978-1590170489
The Siege of Krishnapur,J.G. Farrell,978-1590170922
The Singapore Grip,J.G. Farrell,978-1590171363
Troubles,J.G. Farrell,978-1590170182
Granny Cloud,Farnoosh Fathi,978-1681378596
Original Letters from India,Eliza Fay,978-1590173367
Clark Gifford's Body,Kenneth Fearing,978-1590171820
The Big Clock,Kenneth Fearing,978-1590171813
The Invisibility Cloak,Ge Fei,978-1681370200
Guston in Time,Ross Feld,978-1681376615
Novels in Three Lines,Felix Feneon,978-1590172308
A Private Affair,Beppe; Curtis Howard Fenoglio,978-1681376745
Patrick Leigh Fermor,Patrick Leigh; Sisman Adam Fermor,978-1590177808
Patrick Leigh Fermor: A Life in Letters,Patrick Leigh; Sisman Adam Fermor,978-1681371566
"Makers of Modern Architecture, Volume 1",Martin Filler,978-1590172278
"Makers of Modern Architecture, Volume II",Martin Filler,978-1590176887
The World of Odysseus,M.I. Finley,978-1590170175
The Year of the French,Thomas Flanagan,978-1590171080
The Letters of Gustave Flaubert,Gustave; Steegmuller Francis Flaubert,978-1681377162
Trots and Bonnie,Shary; Flake Emily; Hathaway Norman Flenniken,978-1681374857
Existential Monday,Benjamin Fondane,978-1590178980
Cinepoems and Others,Benjamin; Schwartz Leonard; Abidor Mitchell; Bailey Marianne; Cioran E. M.; Hacker Marilyn; King Henry; Rubens Andrew; Rudavsky-Brody Nathaniel Fondane,978-1590179000
Irretrievable,Theodor Fontane,978-1590173749
Hadrian the Seventh,Fr. Rolf (Baron Corvo),978-0940322622
Conversations with Beethoven,Sandford Friedman,978-1590177624
Totempole,Sandford Friedman,978-1590177617
Secret of the Ron Mor Skerry,Rosalie K. Fry,978-1681371665
The One-Straw Revolution,Masanobu Fukuoka,978-1590173138
When The World Spoke French,Marc Fumaroli,978-1590173756
That Awful Mess on the Via Merulana,Carlo Emilio Gadda,978-1590172223
The Recognitions,William; Gass William H. Gaddis,978-1681374666
The Letters of William Gaddis,William; Moore Steven Gaddis,978-1681375830
J R,William; Williams Joy Gaddis,978-1681374680
Stories I Forgot to Tell You,Dorothy Gallagher,978-1681374802
A Fairly Good Time,Mavis Gallant,978-1590179871
Paris Stories,Mavis Gallant,978-1590170229
The Cost of Living,Mavis Gallant,978-1590173275
Varieties of Exile,Mavis Gallant,978-1590170601
The Abandoned,Paul Gallico,978-1681376677
Thomasina,Paul Gallico,978-1681372327
Clandestine in Chile,Gabriel Garcia Marquez,978-1590173404
Fat City,Leonard Gardner,978-1590178928
The Complete Bostock and Harris,Leon; Garfield Leon; Garfield Leon Garfield,978-1590177839
Leon Garfield's Shakespeare Stories,Leon; Shakespeare William; Foreman Michael Garfield,978-1590179314
Red Shift,Alan Garner,978-1590174432
In the Heart of the Heart of the Country,William H. Gass,978-1590177648
On Being Blue,William H. Gass,978-1590177181
My Fantoms,Theophile Gautier,978-1590172711
Peach Blossom Paradise,Fei; Morse Canaan Ge,978-1681374703
Letter to Survivors,Edward Gébé; Gauvin,978-1681372402
Prisoner of Love,Jean Genet,978-1590170281
The Criminal Child,Jean Genet,978-1681373614
Migrations,Gloria; Schafer Mark Gervitz,978-1681375700
Marshlands,André; Searls Damion; Ugrešić Dubravka Gide,978-1681374727
The Mirador,Elisabeth Gille,978-1590174449
Life with Picasso,Françoise; Lake Carlton Gilot,978-1681373195
Pere Gimferrer,Pere; West Adrian Nathan Gimferrer,978-1681374987
Firebird,Zuzanna; Valles Alissa Ginczanka,978-1681377308
Family Lexicon,Natalia Ginzburg,978-1590178386
Family and Borghesia,Natalia; Stockman Beryl; Ginzburg Natalia; Ginzburg Natalia Ginzburg,978-1681375083
Valentino and Sagittarius,Natalia; Zarin Cynthia; Bardoni Avril; Ginzburg Natalia; Ginzburg Natalia Ginzburg,978-1681374741
Hill,Jean Giono,978-1590179185
Melville,Jean Giono,978-1681371375
The Open Road,Jean; Eprile Paul; Le Gall Jacques Giono,978-1681375106
A King Alone,Jean; Waters Alyson Giono,978-1681373096
Memoirs of Montparnasse,John Glassco,978-1590171844
The Bog People,P.V. Glob,978-1590170908
About Ed,Robert Glück,978-1681377766
Margery Kempe,Robert; Tóibín Colm Glück,978-1681374314
Pretending Is Lying,Dominique; Yanow Sophie Goblet,978-1681370477
An Episode Of Sparrows,Rumer Godden,978-1590179932
Mouse House,Rumer; Adams Adrienne Godden,978-1590179987
Brookie and Her Lamb,M. B. Goffstein,978-1681375458
Fish for Supper,M. B. Goffstein,978-1681375465
Dead Souls,Nikolai Gogol,978-1590173763
History is Our Mother: Three Libretti,Alice Goodman,978-1681370644
Growing Up Absurd,Paul Goodman,978-1590175811
The Black Spider,Jeremias Gotthelf,978-1590176689
Balcony in the Forest,Julien Gracq,978-1681371399
W.S. Graham,W. S.; Hofmann Michael Graham,978-1681372761
Back,Henry Green,978-1681370101
Blindness,Henry Green,978-1681370668
Caught,Henry Green,978-1681370125
Doting,Henry Green,978-1681371412
Living,Henry Green,978-1681370682
Loving,Henry Green,978-1681370149
Nothing,Henry Green,978-1681371436
Party Going,Henry Green,978-1681370705
Surviving,Henry; Updike John; Yorke Sebastian Green,978-1681374123
Nightmare Alley,William Lindsay Gresham,978-1590173480
Mr. Beethoven,Paul Griffiths,978-1681375809
Schlump,Hans Herbert Grimm,978-1681370262
The Glassblower's Children,Maria Gripe,978-1681373782
Ringolevio,Emmett Grogan,978-1590172865
Alay-Oop,William; Sturm James Gropper,978-1681373003
The People Immortal,Vasiliĭ; Chandler Robert; Chandler Elizabeth; Volohova Julia Grossman,978-1681376783
Stalingrad,Vasilij; Chandler Robert Grossman,978-1681373270
An Armenian Sketchbook,Vasily Grossman,978-1590176184
Everything Flows,Vasily Grossman,978-1590173282
Life and Fate,Vasily Grossman,978-1590172018
The Road,Vasily Grossman,978-1590173619
Blood Dark,Louis Guilloux,978-1681371450
The War of the Worlds,H.G. Wells,978-1590171585
Cat Town,Sakutarō; Sato Hiroaki Hagiwara,978-1590177754
The Lady from Philadelphia,Lucretia P. Hale,978-1681373775
Warlock,Oakley Hall,978-1590171615
The Slaves of Solitude,Patrick Hamilton,978-1590172209
Twenty Thousand Streets Under the Sky,Patrick Hamilton,978-1590172568
"Short Letter, Long Farewell",Peter Handke,978-1590173060
Slow Homecoming,Peter Handke,978-1590173077
The Sorrow Beyond Dreams,Peter Handke,978-1590170199
The Liar,Martin Alfred; Larkin Paul; Jensen Morten Høi Hansen,978-1681377186
Arabia Felix,Thorkild Hansen,978-1681370729
Seduction and Betrayal,Elizabeth Hardwick,978-0940322783
Sleepless Nights,Elizabeth Hardwick,978-0940322721
The Collected Essays of Elizabeth Hardwick,Elizabeth Hardwick,978-1681371542
The New York Stories of Elizabeth Hardwick,Elizabeth Hardwick,978-1590172872
The Uncollected Essays of Elizabeth Hardwick,Elizabeth; Andriesse Alex Hardwick,978-1681376233
Eustace and Hilda,L.P. Hartley,978-0940322806
The Go-Between,L.P. Hartley,978-0940322998
The Curious Lobster,Richard Warren; Wakeman Marion Freeman Hatch,978-1681372884
In Love,Alfred Hayes,978-1590176665
My Face for the World to See,Alfred Hayes,978-1590176672
The End of Me,Alfred; Bailey Paul Hayes,978-1681374338
The Crisis of the European Mind,Paul Hazard,978-1590176191
Telescope,Michael Heller,978-1681374062
The Farm in the Green Mountains,Alice Herdan-Zuckmayer,978-1681370743
Miguel Hernández,Miguel; Share Don; Hernández Miguel; Hernández Miguel Hernández,978-1590176290
Sand,Wolfgang Herrndorf,978-1681372013
Poets in a Landscape,Gilbert Highet,978-1590173381
Turtle Diary,Russell Hoban,978-1590176467
The Marzipan Pig,Russell; Blake Quentin Hoban,978-1590179994
The Sorely Trying Day,Russell; Hoban Lillian Hoban,978-1590173435
The Furies,Janet Hobhouse,978-1590170854
The Sound of the One Hand,Yoel Hoffman,978-1681370224
Our Philosopher,Gert; Hofmann Michael Hofmann,978-1681377582
The Private Memoirs and Confessions of a Justified Sinner,James Hogg,978-1590170250
A High Wind in Jamaica,Richard Holmes,978-0940322158
In Hazard,Richard Holmes,978-1590172728
Shelley,Richard Holmes,978-1590170373
The Fox in the Attic,Richard Holmes,978-0940322295
The Wooden Shepherdess,Richard Holmes,978-0940322301
A Savage War of Peace,Alistair Horne,978-1590172186
Rogue Male,Geoffrey Household,978-1590172438
Richard Howard Loves Henry James and Other American Writers,Richard Howard,978-1681374512
Indian Summer,William Dean Howells,978-1590171097
Dancing Lessons for the Advanced in Age,Bohumil Hrabal,978-1590173770
The Little Town Where Time Stood Still,Bohumil Hrabal,978-1590178409
In a Lonely Place,Dorothy B. Hughes,978-1681371474
The Expendable Man,Dorothy B. Hughes,978-1590174951
Basti,Intizar Husain,978-1590175828
Victorine,Maude Hutchins,978-1590172704
The Waste Books,Georg Christoph ichtenberg,978-0940322509
Tun-huang,Yasushi Inoue,978-1590173626
Bungleton Green and the Mystic Commandos,Jay Jackson,978-1681376653
Seasons of Splendour,Madhur; Foreman Michael Jaffrey,978-1681377049
Gold,Haleh Liza Jalāl al-Dīn Rūmī; Gafori,978-1681375335
Negrophobia,Darius James,978-1681373294
The Ivory Tower,Henry James,978-1590170786
The New York Stories of Henry James,Henry James,978-1590171622
The Other House,Henry James,978-0940322325
The Outcry,Henry James,978-1590170007
Conundrum,Jan Morris,978-1590171899
Fair Play,Tove Jansson,978-1590173787
The Summer Book,Tove Jansson,978-1590172681
The True Deceiver,Tove Jansson,978-1590173299
The Woman Who Borrowed Memories,Tove Jansson,978-1590177662
Randall Jarrell's Book of Stories,Randall Jarrell,978-1590170052
The Cowshed,Xianlin; Jiang Chenxin Ji,978-1681376578
All Your Racial Problems Will Soon End,Charles Johnson,978-1681376738
The True History of the First Mrs. Meredith and Other Lesser Lives,Diane; Gornick Vivian Johnson,978-1681374451
"Anniversaries, Volume 1",Uwe Johnson,978-1681375557
"Anniversaries, Volume 2",Uwe; Searls Damion Johnson,978-1681375571
In Parenthesis,David Jones,978-1590170366
The Notebooks of Joseph Joubert,Joseph Jourbert,978-1590171486
Herself Surprised,Joyce Carey,978-0940322172
The Horses Mouth,Joyce Carey,978-0940322196
To Be a Pilgrim,Joyce Carey,978-0940322189
The Winners,Julia Cortazar,978-0940322318
The Glass Bees,Ernst Junger,978-0940322554
On the Marble Cliffs,Ernst Jünger,978-1681376257
Songs of Kabir,Kabir,978-1590173794
Gaslight,Joachim; Cole Isabel Fargo Kalka,978-1681371184
"Max in Hollywood, Baby",Maira Kalman,978-1681372341
Max Makes a Million,Maira Kalman,978-1681371702
Ooh-la-la (Max in Love),Maira Kalman,978-1681372457
Swami on Rye,Maira Kalman,978-1681372365
A Journey Round My Skull,Frigyes Karinthy,978-1590172582
Almost Nothing,Eric Karpeles,978-1681372846
Going to the Dogs,Erich Kastner,978-1590175842
Machines in the Head,Anna; Walker Victoria Kavan,978-1681374147
Good Behaviour,Molly Keane,978-1681375298
The World I Live In,Helen Keller,978-1590170670
"Memed, My Hawk",Yashar Kemal,978-1590171394
They Burn the Thistles,Yashar Kemal,978-1590171851
All for Nothing,Walter Kempowski,978-1681372051
An Ordinary Youth,Walter Kempowski,978-1681377209
Marrow and Bone,Walter; Collins Charlotte Kempowski,978-1681374352
Part of Our Time,Murray Kempton,978-1590170878
Ride a Cockhorse,Raymond Kennedy,978-1590174890
The Gull Yettin,Joe Kessler,978-1681377391
Peking Story,David Kidd,978-1590170403
The Living Thoughts of Kierkegaard,Kierkegaard,978-0940322134
Rombo,Esther; Schmidt Caroline Kinsky,978-1681377247
The Secret Commonwealth,Robert Kirk,978-1590171776
Spiral and Other Stories,Aidan; Rudick Nicole Koch,978-1681378350
Jejuri,Arun Koltkar,978-1590171639
An African in Greenland,Tete-Michel Kpomassie,978-0940322882
Everything Under a Mushroom,Ruth; Tomes Margot Krauss,978-1681378442
Havoc,Tom Kristensen,978-1681372075
Sunflower,Gyula Krudy,978-1590171868
The Adventures of Sindbad,Gyula Krudy,978-1590174456
Our Life Grows,Ryszard; Valles Alissa; Michnik Adam Krynicki,978-1681371603
Unwitting Street,Sigizmund; Turnbull Joanne; Formozov Nikolai Krzhizhanovskiĭ,978-1681374888
Autobiography of a Corpse,Sigizmund Krzhizhanovsky,978-1590176702
Memories of the Future,Sigizmund Krzhizhanovsky,978-1590173190
The Letter Killers Club,Sigizmund Krzhizhanovsky,978-1590174500
The Return of Munchausen,Sigizmund Krzhizhanovsky,978-1681370286
Junket Is Nice,Dorothy Kunhardt,978-1590176283
Now Open the Box,Dorothy Kunhardt,978-1590177082
Masters of the Nefarious,Pierre; Burns Luke La Police,978-1681378343
When We Cease to Understand the World,Benjamín; West Adrian Nathan Labatut,978-1681375663
Love Sonnets and Elegies,Louise; Sieburth Richard; Labé Louise; Labé Louise Labé,978-1590177310
The Right to Be Lazy,Paul; Andriesse Alex Lafargue,978-1681376820
The Variations,Patrick Langley,978-1681378398
The Bad Side of Books,D. H.; Dyer Geoff Lawrence,978-1681373638
The Radiance of the King,Camara Laye,978-1590174555
Wee Gillis,Munro; Lawson Robert Leaf,978-1590172063
The Stalin Front,Gert Ledig,978-1590171646
Reveille in Washington,Margaret Leech,978-1590174463
A Time of Gifts,Patrick Leigh Fermor,978-1590171653
A Time to Keep Silence,Patrick Leigh Fermor,978-1590172445
Between the Woods and the Water,Patrick Leigh Fermor,978-1590171660
Mani,Patrick Leigh Fermor,978-1590171882
Roumeli,Patrick Leigh Fermor,978-1590171875
The Broken Road,Patrick Leigh Fermor,978-1590177792
The Traveller's Tree,Patrick Leigh Fermor,978-1590173800
The Violins of Saint-Jacques,Patrick Leigh Fermor,978-1590177822
Lady Macbeth of Mtsensk,N. S.; Chandler Robert; Rayfield Donald Leskov,978-1681374901
Three Ladies Beside the Sea,Rhoda; Gorey Edward Levine,978-1590173541
Harrison Loved His Umbrella,Rhoda; Kuskin Karla Levine,978-1590179918
It Ain't Necessarily So,Richard C. Lewontin,978-0940322950
The Death of Napoleon,Simon Leys,978-1590178423
The Hall of Uselessness,Simon Leys,978-1590176207
Li Shangyin,Shangyin; Roberts Chloe Garcia; Graham A. C.; Klein Lucas Li,978-1681372242
Taka-chan and I,Betty Jean; Hosoe Eikō Lifton,978-1590175026
The Reckless Mind: Intellectuals in Politics,Mark Lilla,978-1681371160
The Shipwrecked Mind: On Political Reaction,Mark Lilla,978-1590179024
Soul of Wood,Jakov Lind,978-1590173305
The Magic Pudding,Norman Lindsay,978-1590179949
The Wind on the Moon,Eric; Bentley Nicolas Linklater,978-1681371030
A Year and a Day,Phillip Lopate,978-1681377780
Voices in the Dark,Ulli; Brownjohn John; Knight Nika; Cannon Kevin; Beyer Marcel Lust,978-1681371054
Three Summers,Margarita; Van Dyck Karen Lymperakē,978-1681373300
The Towers of Trebizond,Rose Macaulay,978-1590170588
Miami and the Siege of Chicago,Norman Mailer,978-1590172964
Kaputt,Curzio Malaparte,978-1590171479
The Kremlin Ball,Curzio Malaparte,978-1681372099
The Skin,Curzio Malaparte,978-1590176221
Diary of a Foreigner in Paris,Curzio; Twilley Stephen Malaparte,978-1681374161
The Voyage That Never Ends,Malcolm Lowry,978-1590172353
In the Freud Archives,Janet Malcolm,978-1590170274
Daybreak,Claire; Hacker Marilyn Malroux,978-1681375021
Fatale,Jean-Patrick Manchette,978-1590173817
Ivory Pearl,Jean-Patrick Manchette,978-1681372105
The Mad and the Bad,Jean-Patrick Manchette,978-1590177204
Nada,Jean-Patrick; Nicholson-Smith Donald Manchette,978-1681373171
The N'Gustro Affair,Jean-Patrick; Nicholson-Smith Donald; Indiana Gary Manchette,978-1681375120
No Room at the Morgue,Jean-Patrick; Waters Alyson Manchette,978-1681374185
Skeletons in the Closet,Jean-Patrick; Waters Alyson Manchette,978-1681377605
The Selected Poems of Osip Mandelstam,Osip; Brown Clarence; Merwin W. S.; Mandelʹshtam Osip Mandelʹshtam,978-1590170915
Voronezh Notebooks,Osip; Davis Andrew Mandelʹshtam,978-1590179109
Selected Poems of Osip Mandelsam,Osip Mandelstam,978-1590170915
Reflections of a Nonpolitical Man,Thomas; Morris Walter D.; Lilla Mark Mann,978-1681375311
Fortunes of War: The Balkan Trilogy,Olivia Manning,978-1590173312
Fortunes of War: The Levant Trilogy,Olivia Manning,978-1590177211
School for Love,Olivia Manning,978-1590173039
Walkabout,James Vance Marshall,978-1590174906
Uncle Cleans Up,J. P.; Blake Quentin Martin,978-1590172766
Uncle,J. P.; Blake Quentin; Gaiman Neil; Currey James Martin,978-1681371856
In the Eye of the Wild,Nastassja Martin,978-1681375854
The Box of Delights,John Masefield,978-1590172513
The Midnight Folk,John; Hilder Rowland Masefield,978-1590172902
The Moth Snowstorm,Michael McCarthy,978-1681372426
"Typewriters, Bombs, Jellyfish",Tom McCarthy,978-1681370866
Wolf Story,William; Chappell Warren McCleery,978-1590175897
Mawrdew Czgowchwz,James McCourt,978-0940322974
Masscult and Midcult,Dwight McDonald,978-1590174470
The Pornographer,John; Enright Anne McGahern,978-1681378800
Testing the Current,William McPherson,978-1590176023
Arvind Krishna Mehrotra,Arvind Krishna; Chaudhuri Amit; Ravinthiran Vidyan Mehrotra,978-1681374017
Proper Doctoring,David Mendel,978-1590176214
Ecstasy and Terror,Daniel Adam Mendelsohn,978-1681374055
Three Rings,Daniel Adam Mendelsohn,978-1681376394
Waiting for the Barbarians,Daniel Adam Mendelsohn,978-1590177136
Moral Agents: Eight Twentieth-Century American Writers,Edward Mendelson,978-1590177761
Need a House? Call Ms. Mouse!,George; Smith Doris Susan Mendoza,978-1681377360
The Pushcart War,Jean Merrill,978-1590179369
Really the Blues,Mezz & Wolfe Bernard Mezzrow,978-1590179451
Last Words from Montmartre,Qui Miaojin,978-1590177259
Notes of a Crocodile,Qui Miaojin,978-1681370767
A Certain Plume,Henri Michaux,978-1681372266
Miserable Miracle,Henri Michaux,978-1590170014
Hons and Rebels,Jessica Mitford,978-1590171103
Poison Penmanship,Jessica Mitford,978-1590173558
Frederick the Great,Nancy Mitford,978-1590176238
Madame de Pompadour,Nancy Mitford,978-0940322653
The Sun King,Nancy Mitford,978-1590174913
Voltaire in Love,Nancy Mitford,978-1590175781
Once and Forever,Kenji Miyazawa,978-1681372600
In the Café of Lost Youth,Patrick Modiano,978-1590179536
Young Once,Patrick Modiano,978-1590179550
"Last Letters: The Prison Correspondence, 1944-45",Helmuth James; Moltke Helmuth Caspar von; Moltke Dorothea von; Von Moltke Johannes; Frisch Shelley Laura; Moltke Freya von Moltke,978-1681373812
Medusa Beach,Melissa Monroe,978-1681374581
Shakespeare's Montaigne,Montaigne,978-1590177228
Late Montale,Eugenio; Bradley George Montale,978-1681378374
Butterfly of Dinard,Eugenio; Stransky Oonagh; Moffa Marla Montale,978-1681378169
Social Fiction,Chantal; Brock Geoffrey; Sudarsky Dean Montellier,978-1681377407
The Lonely Passion of Judith Hearne,Brian Moore,978-1590173497
The Mangan Inheritance,Brian Moore,978-1590174487
Lies and Sorcery,Elsa; McPhee Jenny Morante,978-1681376844
Agostino,Alberto Moravia,978-1590177235
Boredom,Alberto Moravia,978-1590171219
Contempt,Alberto Moravia,978-1590171226
Hav,Jan Morris,978-1590174494
The Communist,Guido Morselli,978-1681370781
Dissipatio H.G.,Guido; Randall Frederika Morselli,978-1681374765
The Pumpkin Eater,Penelope Mortimer,978-1590173824
Max Havelaar,Multatuli,978-1681372624
"Drafts, Fragments, and Poems",Joan; Ashbery John Murray,978-1681371825
Agathe,Robert; Agee Joel Musil,978-1681373836
The Adventures and Misadventures of Maqroll,Alvaro Mutis,978-0940322912
Maqroll’s Prayer and Other Poems,Álvaro; Andrews Chris; Grossman Edith; Reid Alastair Mutis,978-1590178744
The Root and the Flower,L.H. Myers,978-0940322608
It's Life as I See It,Dan; Johnson Charles Richard Nadel,978-1681375618
Reading and Writing,V. S. Naipaul,978-0940322387
After,Vivek; Vālmīki Narayanan,978-1681376462
China's New Rulers,Andrew J.; Gilley Bruce Nathan,978-1590170724
Twenty Days with Julian & Little Bunny by Papa,Nathaniel Hawthorne,978-1590170427
The House of Arden,E. Nesbit,978-1681376998
Amsterdam Stories,Nescio,978-1590174920
"Makers of Modern Architecture, Volume III",Margaret Cavendish of Newcastle,978-1681373027
Margaret Cavendish,Margaret Cavendish of Newcastle,978-1681371580
The King of Nothing,Raúl; Endor Saul Nieto Guridi,978-1681372907
Anti-Education,Friedrich Nietsche,978-1590178942
Moura,Nina Berberova,978-1590171370
"A Way of Life, Like Any Other",Darcy O'Brien,978-0940322790
Thus Were Their Faces,Silvina Ocampo,978-1590177679
Silvina Ocampo,Silvina; Weiss Jason Ocampo,978-1590177747
Envy,Yuri Olesha,978-1590170861
The Lore and Language of Schoolchildren,Iona & Peter Opie,978-0940322691
A Chill in the Air,Iris Origo,978-1681372648
Images and Shadows,Iris Origo,978-1681373652
The Merchant of Prato,Iris Origo,978-1681374208
War in Val d'Orcia,Iris Origo,978-1681372662
Kilometer 101,Maksim; Dralyuk Boris; Fleming Alex; Slater Nicolas Pasternak Osipov,978-1681376868
"Rock, Paper, Scissors",Maxim Osipov,978-1681373324
The Feeling Sonnets,Eugene Ostashevsky,978-1681377025
The Pirate Who Does Not Know the Value of Pi,Eugene Ostashevsky,978-1681370903
After Claude,Iris Owens,978-1590173633
Portraits without Frames,Lev Ozerov,978-1681372686
Portraits without Frames,Lev; Chandler Robert; Dralyuk Boris; Bloshteyn Maria R.; Mashinskai︠a︡ Irina Ozerov,978-1681372686
The Education of a Gardener,Russell Page,978-1590172315
Uncertain Manifesto,Frederik; Nicholson-Smith Donald Pajak,978-1681372860
Jimbo,Gary; Ruscha Edward; Rudick Nicole Panter,978-1681375267
The Murderess,Alexandros Papadiamantis,978-1590173503
Out of My Head,Tim Parks,978-1681373973
Where I'm Reading From,Tim Parks,978-1590178843
The If Borderlands,Elise Partridge,978-1681370361
Theorem,Pier Paolo Pasolini,978-1681377643
Boys Alive,Pier Paolo; Parks Tim Pasolini,978-1681377629
Letters to Gwen John,Celia Paul,978-1681376400
Self-Portrait,Celia Paul,978-1681374826
The Story of a Life,Konstantin; Smith Douglas Paustovsky,978-1681377223
The Moon and the Bonfires,Cesar Pavese,978-1590170212
The Selected Works of Cesare Pavese,Cesar Pavese,978-0940322851
Houses,Borislav Pekic,978-1590179475
Temptation,John; Baczoni Mark Pen,978-1681374376
More Was Lost,Eleanor Perenyi,978-1590179499
Tristana,Benito Perez Galdos,978-1590177655
Blackballed,Darryl Pinckney,978-1590177693
Blackballed: The Black Vote and US Democracy,Darryl Pinckney,978-1681375595
Lizard Music,Daniel Pinkwater,978-1681371849
The Late Mattia Pascal,Luigi Pirandello,978-1590171158
Glowrushes,Roberto; Janeczko Leah Piumini,978-1681377506
The Gray Notebook,Josep Pla,978-1590176719
Difficult Women,David Plante,978-1681371498
Chevengur,Andreĭ Platonovich; Chandler Robert; Chandler Elizabeth Platonov,978-1681377681
Happy Moscow,Andrey Platonov,978-1590175859
Soul,Andrey Platonov,978-1590172544
The Foundation Pit,Andrey Platonov,978-1590173053
Father and Son,E. O.; Schulze Elke Plauen,978-1681371207
Making It,Norman Podhoretz,978-1681370804
All of Us,Yvan; Ylla-Somers Christophe; Lehmann Anna Pommaux,978-1681373218
Vasko Popa,Vasko; Simic Charles Popa,978-1681373362
Morte D'Urban,J.F. Powers,978-0940322233
The Stories of J.F. Powers,J.F. Powers,978-0940322226
Wheat That Springeth Green,J.F. Powers,978-0940322240
Intelligence Wars (Revised and Expanded Edition),Thomas Powers,978-1590170984
Krabat and the Sorcerer’s Mill,Otfried Preussler,978-1681377919
The Little Water Sprite,Otfried; Bell Anthea; Gayler Winnie Preussler,978-1590179338
The Little Witch,Otfried; Bell Anthea; Gayler Winnie Preussler,978-1590179345
Inverted World,Christopher Priest,978-1590172698
Swann's Way,Marcel; Grieve James Proust,978-1681376295
The Provensen Book of Fairy Tales,Alice; Provensen Martin Provensen,978-1681375823
The Doll,Boleslaw Prus,978-1590173831
The White Stones,J. H. Prynne,978-1590179796
The Cretan Runner,George Psychoundakis,978-1590179048
Peter the Great's African,Aleksandr Sergeevich; Chandler Robert; Chandler Elizabeth; Dralyuk Boris; Pushkin Aleksandr Sergeevich; Pushkin Aleksandr Sergeevich; Pushkin Aleksandr Sergeevich; Pushkin Aleksandr Sergeevich Pushkin,978-1681375991
The Captain's Daughter,Alexander Pushkin,978-1590177242
Soft City,Chris; Herbert Martin Pushwagner; Ware,978-1681370460
We Always Treat Women Too Well,Raymond Queneau,978-1590170304
Witch Grass,Raymond Queneau,978-1590170311
The Skin of Dreams,Raymond; Clarke Chris Queneau,978-1681377704
Count d'Orgel's Ball,Raymond Radiguet,978-1590171387
Primitive Man as Philosopher,Paul Radin,978-1590177686
Shapeshifter,Alice Rahon,978-1681375007
The Interior Landscape,A. K. Ramanujan,978-1590176788
São Bernardo,Graciliano; Viswanathan Padma Ramos,978-1681373850
The Doorman's Repose,Christopher Raschka,978-1681371009
Alphabetabum,Christopher; Radunsky Vladimir Raschka,978-1590178171
The Resurgence of Central Asia,Ahmed Rashid,978-1681370880
Diary of a Man in Despair,Friedrich Reck,978-1590175866
The Ruling Clawss,A. Redfield,978-1681377414
Ounce Dice Trice,Alastair; Shahn Ben Reid,978-1590173206
Nature Stories,Jules Renard,978-1590173640
"Renoir, My Father",Jean Renoir,978-0940322776
Fragments of an Infinite Memory,Maël; Behrman de Sinéty Peter Renouard,978-1681372808
Pierre Reverdy,Pierre; Caws Mary Ann; Reverdy Pierre; Reverdy Pierre Reverdy,978-1590176795
Men and Gods,Rex Warner,978-1590172636
The New World,Chris; Park Ed; Seth Reynolds,978-1681372389
Abel and Cain,Gregor von; Cohen Joshua Rezzori,978-1681373256
The Word of the Speechless,Julio Ramón; Silver Katherine Ribeyro,978-1681373232
"Say Something Back & Time Lived, Without Its Flow",Denise Riley,978-1681373997
First Love,Gwendoline Riley,978-1681376905
My Phantoms,Gwendoline Riley,978-1681376813
The Drunken Boat,Arthur; Polizzotti Mark; Rimbaud Arthur; Rimbaud Arthur; Rimbaud Arthur; Rimbaud Arthur Rimbaud,978-1681376509
Stones of Aran: Labyrinth,Tim Robinson,978-1590173145
Stones of Aran: Pilgrimage,Tim Robinson,978-1590172773
Muhammad,Maxime; Carter Anne Rodinson,978-1681374925
The Three Christs of Ypsilanti,Milton Rokeach,978-1590173848
The Notebooks of Sonny Rollins,Sonny; Reese Sam V. H. Rollins,978-1681378268
Love's Work,Gillian Rose,978-1590173657
Talk,Linda Rosenkrantz,978-1590178447
Picture,Lillian Ross,978-1681373157
Sleep,Amelia; Schwabsky Barry Rosselli,978-1681377834
Classic Crimes,William Roughead,978-0940322462
American Humor,Constance Rourke,978-1590170793
Ernesto,Umberto Saba,978-1681370828
The Unrest-Cure and Other Stories,Saki,978-1590176245
Uncertain Glory,Joan Sales,978-1681371801
Season of Migration to the North,Tayeb Salih,978-1590173022
The Wedding of Zein,Tayeb Salih,978-1590173428
Bambi,Felix; Reitter Paul Salten,978-1681376318
Pittsburgh,Frank Santoro,978-1681377865
We Have Only This Life to Live,Jean-Paul Sartre,978-1590174937
Late Fame,Arthur Schnitzler,978-1681370842
Bina,Anakana Schofield,978-1681375496
Walter Benjamin,Gersholm Scholem,978-1590170328
Memoirs of My Nervous Illness,Daniel Paul Schreber,978-0940322202
Alfred and Guinevere,James Schuyler,978-0940322493
What's For Dinner?,James Schuyler,978-1590171677
The Bridge of Beyond,Simone Schwarz-Bart,978-1590176801
Equal Danger,Leonardo Sciascia,978-1590170625
The Day of the Owl,Leonardo Sciascia,978-1590170618
The Moro Affair,Leonardo Sciascia,978-1590170830
The Wine-Dark Sea,Leonardo Sciascia,978-0940322530
To Each His Own,Leonardo Sciascia,978-0940322523
"John Aubrey, My Own Life",Ruth Scurr,978-1681370422
The Mystery of Consciousness,John R.; Dennett D. C.; Chalmers David John Searle,978-0940322066
Tell Me a Mitzi,Lore Groszmann; Pincus Harriet Segal,978-1681377957
René Leys,Victor Segalen,978-1590170410
The Seventh Cross,Anna Seghers,978-1681372129
Transit,Anna Seghers,978-1590176252
The Dead Girls' Class Trip,Anna; Dembo Margot Bettauer Seghers,978-1681375359
Star 111,Lutz; Lewis Tess Seiler,978-1681378534
The Stammering Century,Gilbert Seldes,978-1590175804
Conquered City,Victor Serge,978-1590173664
Memoirs from Beyond the Grave: 1800-1815,Victor Serge,978-1681376172
Midnight in the Century,Victor Serge,978-1590177709
Notebooks,Victor Serge,978-1681372709
The Case of Comrade Tulayev,Victor Serge,978-1590170649
Unforgiving Years,Victor Serge,978-1590172476
Last Times,Victor; Manheim Ralph; Greeman Richard Serge,978-1681375144
Memoirs of a Revolutionary,Victor; Sedgwick Peter Serge,978-1590174517
The Orphic Voice,Elizabeth; Schenck David Sewell,978-1681376011
Kolyma Stories,Varlam Shalamov,978-1681372143
Sketches of the Criminal World,Varlam Shalamov,978-1681373676
Arabesques,Anton; Eden Vivian Sohn Shammas,978-1681376929
The Peach Blossom Fan,K'ung Shang-jen,978-1590178768
The Rescuers,Margery Sharp,978-1681370071
Blurry,Dash Shaw,978-1681378466
Discipline,Dash; Small Press Expo Collection (Library of Congress) Shaw,978-1681375694
The Golovlyov Family,Shchedrin,978-0940322578
Store of the Worlds,Robert Sheckley,978-1590174944
The Very Last Interview,David Shields,978-1681376424
No Ordinary Men,Elisabeth; Stern Fritz Sifton,978-1590176818
Act of Passion,Georges Simenon,978-1590173855
Dirty Snow,Georges Simenon,978-1590170434
Monsieur Monde Vanishes,Georges Simenon,978-1590170960
Pedigree,Georges Simenon,978-1590173510
Red Lights,Georges Simenon,978-1590171936
The Engagement,Georges Simenon,978-1590172285
The Man Who Watched Trains Go By,Georges Simenon,978-1590171493
The Strangers in the House,Georges Simenon,978-1590171943
The Widow,Georges Simenon,978-1590172612
Three Bedrooms in Manhattan,Georges Simenon,978-1590170441
Tropic Moon,Georges Simenon,978-1590171110
The Flanders Road,Claude Simon,978-1681375953
Mary Olivier,Mary Sinclair,978-0940322868
Carbonel and Calidor,Barbara; Front Charles Sleigh,978-1681376691
The Kingdom of Carbonel,Barbara; Kennedy Richard Sleigh,978-1590173152
The Unpossessed,Tess Slesinger,978-1590170144
The Rim of Morning,William Sloane,978-1590179062
The Stone Face,William Gardner; Shatz Adam Smith,978-1681375168
A School for Fools,Sasha Sokolov,978-1590178461
Lost Property,Ben Sonnenberg,978-1681374222
Ice Trilogy,Vladimir Sorokin,978-1590173862
The Queue,Vladimir Sorokin,978-1590172742
Blue Lard,Vladimir; Lawton Max Sorokin,978-1681378183
Telluria,Vladimir; Lawton Max Sorokin,978-1681376332
Red Pyramid,Vladimir; Lawton Max; Self Will Sorokin,978-1681378206
The Gate,Natsume Soseki,978-1590175873
After Lorca,Jack; Gizzi Peter Spicer,978-1681375410
The Judges of the Secret Court,David Stacton,978-1590174524
Boston Adventure,Jean Stafford,978-1681375373
The Mountain Lion,Jean Stafford,978-1590173527
MacDoodle St.,Mark Alan; Feiffer Jules Stamaty,978-1681373423
Catlantis,Anna; Klimowski Andrzej; Bugaeva Jane Starobinet︠s︡,978-1681370002
Letty Fox: Her Luck,Christina Stead,978-0940322295
Flaubert and Madame Bovary,Francis Steegmuller,978-1590171165
The Labyrinth,Saul; Baker Nicholson; Rosenberg Harold Steinberg,978-1681372433
The Life of Henry Brulard,Stendhal,978-0940322899
Other Men's Daughters,Richard Stern,978-1681371511
Names on the Land,George R. Stewart,978-1590172735
Storm,George R. Stewart,978-1681375182
Fire,George R.; Rothschild Emma Stewart,978-1681378473
Rock Crystal,Adalbert Stifter,978-1590172858
Motley Stones,Adalbert; Cole Isabel Fargo Stifter,978-1681375205
The Rider on the White Horse,Theodor Storm,978-1590173015
The Complete Polly and the Wolf,Catherine; Watts Marjorie-Ann; Bennett Jill Storr,978-1681370019
Things That Bother Me,Galen Strawson,978-1681372204
Alice James,Jean Strouse,978-1590174531
Belchamber,Howard Sturgis,978-1590172667
Ninja Sarutobi Sasuke,Shigeru; Holmberg Ryan Sugiura,978-1681377858
As a Man Grows Older,Italo Svevo,978-0940322844
Nights in the Gardens of Brooklyn,Harvey Swados,978-1590170847
The Quest for Corvo,A.J.A. Symons,978-0940322615
Iza's Ballad,Magda Szabo,978-1681370347
Katalin Street,Magda Szabo,978-1681371528
The Door,Magda Szabo,978-1590177716
The Fawn,Magda Szabó,978-1681377377
Abigail,Magda; Rix L. B. Szabó,978-1681374031
Journey by Moonlight,Antal Szerb,978-1590177730
Divorcing,Susan; Rieff David Taubes,978-1681374949
Lament for Julia,Susan; Wade Francesca Taubes,978-1681376943
A Game of Hide and Seek,Elizabeth Taylor,978-1590174968
A Traveller in Time,Elizabeth Taylor,978-1681374482
A View of the Harbour,Elizabeth Taylor,978-1590178485
Angel,Elizabeth Taylor,978-1590174975
You'll Enjoy It When You Get There,Elizabeth Taylor,978-1590177273
Mrs. Palfrey at the Claremont,Elizabeth; Hofmann Michael Taylor,978-1681375649
The Little Woman Wanted Noise,Val; Lawson Robert Teal,978-1590177112
Memories,Teffi,978-1590179512
"Tolstoy, Rasputin, Others, and Me",Teffi,978-1590179963
Other Worlds,N. A.; Chandler Robert Tėffi,978-1681375397
Käsebier Takes Berlin,Gabriele; Duvernoy Sophie Tergit,978-1681372723
Winter in Wartime,Jan; Watkinson Laura Terlouw,978-1681374260
The Journal 1837–1861,Henry David Thoreau,978-1590173213
The Book of Blam,Aleksandar Tisma,978-1590179208
The Use of Man,Aleksandar Tisma,978-1590177266
Kapo,Aleksandar; Rieff David; Williams Richard Tišma,978-1681374390
The Slynx,Tatyana Tolstaya,978-1590171967
White Walls,Tatyana Tolstaya,978-1590171974
The Life of Lazarillo de Tormes,Tormes,978-1590171325
Vivaldi,Helge; Johnsen Mari Kanstad; Shaterian Jeanie Torvund,978-1681373744
Wilding,Isabella Tree,978-1681373713
"Records of Shelley, Byron, and the Author",Edward John Trelawny,978-0940322363
The Frog in the Well,Alvin; Duvoisin Roger Tresselt,978-1681370965
The Liberal Imagination,Lionel Trilling,978-1590172834
The Middle of the Journey,Lionel Trilling,978-1590170151
The Other,Thomas Tryon,978-1590175835
Slum Wolf,Tadao; Holmberg Ryan Tsuge,978-1681371740
The Man Without Talent,Yoshiharu; Holmberg Ryan Tsuge,978-1681374437
Woman Running in the Mountains,Yūko; Harcourt Geraldine Tsushima,978-1681375977
Earthly Signs,Marina Tsvetaeva,978-1681371627
Three by Tsvetaeva,Marina; Davis Andrew T︠S︡vetaeva,978-1681378329
Castle Gripsholm,Kurt; Hofmann Michael Tucholsky,978-1681373348
Virgin Soil,Ivan Turgenev,978-0940322455
Fathers and Children,Ivan Sergeevich; Slater Nicolas Pasternak; Slater Maya Turgenev,978-1681376356
My Death,Lisa Tuttle,978-1681377728
The Child,Jules Valles,978-1590171172
Shakespeare,Mark van Doren,978-1590171684
Austerity Measures,various authors,978-1681371146
Go Figure! New Perspectives on Guston,various authors,978-1590178782
Letters,various authors,978-0940322714
Poems of the Late T'ang,various authors,978-1590172575
Shadows of Carcosa,various authors,978-1590179437
The Backward Day,various authors,978-1681378428
The Colour Out of Space,various authors,978-1590170267
"The Fire Horse: Children's Poems by Mayakovsky, Mandelstam, and Kharms",various authors,978-1681370927
The Haunted Looking Glass,various authors,978-0940322684
The New York Review Abroad,various authors,978-1590176313
The Red Thread: Twenty Years of NYRB Classics,various authors,978-1681373911
The Stray Dog Cabaret,various authors,978-1590171912
The Stuffed Owl,various authors,978-1590170380
Unknown Masterpieces,various authors,978-1590170779
Writing Politics,various authors,978-1681374628
The Projector and Elephant,Martin; Seth; Heer Jeet; Vaughn-James Martin; Vaughn-James Martin Vaughn-James,978-1681374840
Before Nightfall,Silvia; Sualzo; Brock Geoffrey Vecchini,978-1681377926
The Kindness of Strangers,Salka Viertel,978-1681372747
The Enchanted April,Elizabeth von Arnim,978-1590172254
The Lord Chandos Letter and Other Writings,Hugo von Hofmannsthal,978-1590171202
An Ermine In Czernopol,Gregor von Rezzori,978-1590173411
Memoirs of an Anti-Semite,Gregor von Rezzori,978-1590172469
The Snows of Yesteryear,Gregor von Rezzori,978-1590172810
W the Whore,Katrin de; Feuchtenberger Anke; Nevins Mark Vries,978-1681376721
An Invitation for Me to Think,Aleksandr I.; Ostashevsky Eugene Vvedenskij,978-1590176306
The Tenants of Moonbloom,Edward Lewis Wallant,978-1590170700
A Schoolboy's Diary and Other Stories,Robert Walser,978-1590176726
Berlin Stories,Robert Walser,978-1590174548
"Girlfriends, Ghosts, and Other Stories",Robert Walser,978-1681370163
Jakob von Gunten,Robert Walser,978-0940322219
Selected Stories of Robert Walser,Robert Walser,978-0940322981
Little Snow Landscape,Robert; Whalen Tom Walser,978-1681375229
Political Action,Michael Walzer,978-1681373539
A Summer Day in the Company of Ghosts,Yin; Lingenfelter Andrea; Wang Yin; Wang Yin Wang,978-1681376486
Esmond and Ilia,Marina; Herxheimer Sophie Warner,978-1681376448
Lolly Willowes,Sylvia Townsend Warner,978-0940322165
Mr. Fortune,Sylvia Townsend Warner,978-1590174586
Summer Will Show,Sylvia Townsend Warner,978-1590173169
The Corner That Held Them,Sylvia Townsend; Harman Claire Warner,978-1681373874
My Marriage,Jakob Wassermann,978-1590179222
My Century,Aleksander Wat,978-1590170656
Heaven's Breath,Lyall Watson,978-1681373690
Charisma and Disenchantment,Max; Weber Max; Weber Max Weber,978-1681373898
The Thirty Years War,C.V. Wedgwood,978-1590171462
On the Abolition of All Political Parties,Simone Weil,978-1590177815
War and the Iliad,Simone & Bespaloff Rachel Weil,978-1590171455
Basic Black with Pearls,Helen Weinzweig,978-1681372167
Apartment in Athens,Glenway Wescott,978-1590170816
The Pilgrim Hawk,Glenway Wescott,978-1590174579
The Fountain Overflows,Rebecca West,978-1590170342
Ghosts,Edith Wharton,978-1681375724
The New York Stories of Edith Wharton,Edith Wharton,978-1590172483
Onward and Upward in the Garden,Katherine White,978-1590178508
Riders in the Chariot,Patrick White,978-1590170021
Mistress Masham's Repose,T. H.; Eichenberg Fritz White,978-1590171035
The Goshawk,T.H. White,978-1590172490
Drum-Taps,Walt; Kramer Lawrence Whitman,978-1590178621
Return to Romance,Ogden; Finck Liana; Nadel Dan; Santoro Frank; Nadel Dan Whitney,978-1681373447
Nachoem M. Wijnberg,Nachoem M.; Colmer David Wijnberg,978-1681376523
Lakdhas Wikkramasinha,Lakdhas; Ondaatje Michael; Halpé Aparna; Măddēgama Udaya Praśānta Wikkramasinha,978-1681377346
The Adventures of Anatole,Nancy; McPhail David Willard,978-1681372921
Augustus,John Williams,978-1590178218
Butcher's Crossing,John Williams,978-1590171981
Nothing but the Night,John Williams,978-1681373072
Stoner,John Williams,978-1590171998
English Renaissance Poetry,John (editor) Williams,978-1590179772
Tarka the Otter,Henry; Tunnicliffe C. F.; Klinkenborg Verlyn Williamson,978-1681374246
Alive,Elizabeth Willis,978-1590178645
Anglo-Saxon Attitudes,Angus Wilson,978-1590171424
Memoirs of Hecate County,Edmund Wilson,978-1590170939
To the Finland Station,Edmund Wilson,978-1590170335
Mud Pies and Other Recipes,Marjorie; Blegvad Erik Winslow,978-1590173688
Born Under Saturn,Margot & Rudolf Wittkower,978-1590172131
Black Sun,Geoffrey Wolff,978-1590170663
Germs,Richard; Heti Sheila Wollheim,978-1681374963
The Complete Fiction,Francis Wyndham,978-1590173121
Chocky,John Wyndham,978-1590178522
The Chrysalids,John Wyndham,978-1590172926
Mourning a Breast,Xi; Feeley Jennifer Xi,978-1681378220
My Stupid Intentions,Bernardo; Andriesse Alex Zannoni,978-1681377285
Written on Water,Ailing Zhang,978-1681375762
The Burning of the World,Bela Zombory-Moldovan,978-1590178096
INRI,Raúl; Rowe William; Cole Norma Zurita,978-1681372785
Beware of Pity,Stefan Zweig,978-1590172001
Chess Story,Stefan Zweig,978-1590171691
Confusion,Stefan Zweig,978-1590174999
Journey Into the Past,Stefan Zweig,978-1590173671
The Post-Office Girl,Stefan Zweig,978-1590172629
Poor Helpless Comics!,Ed Subitzky,978-1681377872
"The Company They Kept, Volume Two",Robert B. Silvers,978-1590174876
The Elephant Who Liked to Smash Small Cars,Jean Merrill,978-1590178720